Filename,Segment,WC,Analytic,Clout,Authentic,Tone,WPS,Sixltr,Dic,function,pronoun,ppron,i,we,you,shehe,they,ipron,article,prep,auxverb,adverb,conj,negate,verb,adj,compare,interrog,number,quant,affect,posemo,negemo,anx,anger,sad,social,family,friend,female,male,cogproc,insight,cause,discrep,tentat,certain,differ,percept,see,hear,feel,bio,body,health,sexual,ingest,drives,affiliation,achieve,power,reward,risk,focuspast,focuspresent,focusfuture,relativ,motion,space,time,work,leisure,home,money,relig,death,informal,swear,netspeak,assent,nonflu,filler,AllPunc,Period,Comma,Colon,SemiC,QMark,Exclam,Dash,Quote,Apostro,Parenth,OtherP,Deceptive Class
trial_lie_001.txt,1,16,1,1,99,25.77,4,6.25,100,81.25,18.75,18.75,18.75,0,0,0,0,0,0,0,18.75,6.25,0,37.5,18.75,0,0,0,0,0,0,0,0,0,0,0,18.75,0,0,0,18.75,25,0,0,0,0,6.25,18.75,0,0,0,0,0,0,0,0,0,18.75,0,0,18.75,0,0,18.75,0,0,0,0,0,0,0,0,0,0,0,0,6.25,0,0,6.25,0,0,25,25,0,0,0,0,0,0,0,0,0,0,1
trial_lie_002.txt,1,208,24.14,79.31,41.51,18.67,23.11,11.54,92.31,63.94,21.63,16.83,5.77,0,0.48,10.1,0.48,4.81,7.69,11.06,7.69,7.21,12.5,0.48,20.67,0.48,0,3.85,0,1.44,0.48,0,0.48,0,0.48,0,14.9,0.48,0.48,6.25,4.81,3.85,0.48,0.48,0,1.44,0.48,0.96,1.92,0.96,0.48,0.48,0.48,0,0.48,0,0,3.85,0,0.48,1.92,1.44,0,13.94,3.85,0.96,22.6,6.73,12.5,4.33,0,0,3.85,0,0,0,0.48,0,0.48,0,0.48,0,20.19,12.02,6.73,0,0,0,0,0,0,1.44,0,0,1
trial_lie_003.txt,1,8,1.92,1,99,25.77,8,0,100,75,12.5,12.5,12.5,0,0,0,0,0,0,12.5,12.5,0,0,37.5,12.5,0,0,0,0,12.5,0,0,0,0,0,0,12.5,0,0,0,12.5,37.5,0,0,0,0,12.5,25,0,0,0,0,0,0,0,0,0,12.5,0,0,12.5,0,0,12.5,0,0,12.5,0,12.5,0,0,0,0,0,0,0,0,0,0,0,0,0,25,12.5,12.5,0,0,0,0,0,0,0,0,0,1
trial_lie_004.txt,1,42,1,76.25,1,3.31,42,0,90.48,73.81,38.1,23.81,7.14,0,0,16.67,0,14.29,4.76,4.76,19.05,0,7.14,2.38,26.19,2.38,0,0,0,0,2.38,0,2.38,0,2.38,0,21.43,0,0,2.38,14.29,4.76,0,0,2.38,2.38,0,4.76,0,0,0,0,0,0,0,0,0,4.76,2.38,0,2.38,2.38,0,19.05,4.76,2.38,7.14,2.38,2.38,2.38,0,2.38,0,0,0,2.38,2.38,0,2.38,0,0,0,21.43,11.9,7.14,0,0,0,0,0,0,2.38,0,0,1
trial_lie_005.txt,1,168,4.55,81.4,2.24,3.31,42,6.55,95.83,68.45,32.14,22.62,9.52,0,1.79,11.31,0,9.52,4.17,8.93,10.12,3.57,10.12,1.79,24.4,2.38,2.98,2.98,0,0.6,3.57,0.6,2.98,1.19,0,0,22.02,0,0,1.19,11.31,7.74,2.38,0.6,1.79,2.38,0.6,2.38,4.17,1.79,2.38,0,1.19,0,0.6,0,1.19,3.57,0.6,0.6,1.79,1.19,0,16.67,3.57,2.38,7.74,1.79,3.57,2.38,0,0,0.6,0,0,1.79,1.79,1.19,0.6,0,0,0,17.26,5.36,8.33,0,0,1.79,0,0,0,0.6,0,1.19,1
trial_lie_006.txt,1,57,6.56,24.13,99,58.97,14.25,12.28,92.98,68.42,22.81,19.3,8.77,3.51,0,5.26,1.75,3.51,10.53,8.77,10.53,14.04,7.02,7.02,22.81,1.75,1.75,5.26,0,1.75,1.75,1.75,0,0,0,0,10.53,0,0,5.26,0,12.28,1.75,0,0,0,5.26,5.26,5.26,5.26,0,0,0,0,0,0,0,7.02,3.51,0,1.75,1.75,0,22.81,1.75,0,28.07,3.51,7.02,17.54,0,1.75,1.75,0,0,0,0,0,0,0,0,0,15.79,7.02,5.26,0,0,0,0,0,0,3.51,0,0,1
trial_lie_007.txt,1,116,38.6,56.86,97.46,13.98,12.89,8.62,93.1,59.48,16.38,13.79,9.48,0.86,0,3.45,0,2.59,7.76,12.93,11.21,6.9,10.34,0.86,20.69,2.59,2.59,1.72,1.72,2.59,2.59,0.86,1.72,0,0,0.86,12.07,0,0,0,3.45,5.17,0.86,0,0,2.59,0.86,0.86,1.72,0,0.86,0.86,2.59,0.86,0,0,1.72,12.93,8.62,0.86,0.86,1.72,0.86,9.48,7.76,1.72,25,8.62,12.07,4.31,0,8.62,0,0,0,0,0.86,0,0.86,0,0.86,0,30.17,21.55,6.9,0,0,0,0,0,0,1.72,0,0,1
trial_lie_008.txt,1,31,54.54,25.93,99,25.77,15.5,6.45,96.77,64.52,16.13,9.68,6.45,3.23,0,0,0,6.45,12.9,16.13,9.68,3.23,12.9,6.45,19.35,3.23,3.23,0,0,0,0,0,0,0,0,0,9.68,0,0,0,0,9.68,3.23,0,0,0,0,6.45,0,0,0,0,3.23,0,0,0,3.23,19.35,16.13,0,0,3.23,0,12.9,6.45,0,22.58,9.68,6.45,6.45,0,16.13,0,0,0,0,3.23,0,3.23,0,3.23,0,19.35,12.9,3.23,0,0,0,0,0,0,3.23,0,0,1
trial_lie_009.txt,1,42,4.15,31.71,98.01,25.77,14,19.05,97.62,66.67,26.19,11.9,7.14,2.38,2.38,0,0,14.29,4.76,9.52,9.52,9.52,9.52,4.76,23.81,2.38,0,7.14,0,0,0,0,0,0,0,0,9.52,0,0,0,0,14.29,4.76,0,4.76,2.38,0,7.14,0,0,0,0,0,0,0,0,0,4.76,2.38,0,0,2.38,0,11.9,4.76,2.38,19.05,2.38,9.52,9.52,0,2.38,4.76,0,0,0,4.76,0,2.38,0,4.76,0,35.71,19.05,11.9,0,0,0,0,0,0,4.76,0,0,1
trial_lie_010.txt,1,59,1,11.78,84.61,97.07,7.38,10.17,94.92,67.8,28.81,16.95,13.56,0,0,3.39,0,11.86,0,10.17,23.73,11.86,3.39,3.39,27.12,0,0,0,0,0,5.08,5.08,0,0,0,0,8.47,0,0,0,3.39,16.95,6.78,0,0,3.39,5.08,3.39,0,0,0,0,0,0,0,0,0,6.78,0,6.78,0,0,0,10.17,22.03,1.69,6.78,1.69,3.39,1.69,6.78,0,0,0,0,0,1.69,0,0,0,1.69,0,37.29,22.03,1.69,0,0,0,0,5.08,0,8.47,0,0,1
trial_lie_011.txt,1,73,55.02,39.19,46.99,9.1,18.25,12.33,93.15,67.12,19.18,8.22,5.48,1.37,0,1.37,0,10.96,8.22,17.81,10.96,5.48,6.85,2.74,13.7,1.37,0,2.74,0,0,1.37,0,1.37,0,0,1.37,5.48,1.37,0,0,2.74,5.48,0,0,1.37,0,2.74,1.37,0,0,0,0,1.37,1.37,0,0,0,5.48,2.74,1.37,1.37,0,0,12.33,2.74,0,16.44,1.37,9.59,5.48,4.11,2.74,0,0,0,0,1.37,0,0,0,1.37,0,23.29,6.85,9.59,0,0,0,0,2.74,0,1.37,2.74,0,1
trial_lie_012.txt,1,18,1.92,13.32,23.51,25.77,6,11.11,88.89,55.56,16.67,5.56,5.56,0,0,0,0,11.11,0,5.56,22.22,11.11,0,5.56,27.78,5.56,5.56,0,22.22,0,0,0,0,0,0,0,0,0,0,0,0,22.22,5.56,0,0,16.67,0,0,0,0,0,0,0,0,0,0,0,0,0,0,0,0,0,5.56,16.67,5.56,5.56,0,0,5.56,0,0,0,0,0,0,0,0,0,0,0,0,50,27.78,16.67,0,0,0,0,0,0,5.56,0,0,1
trial_lie_013.txt,1,61,7.63,12.56,62.75,25.77,20.33,13.11,96.72,68.85,31.15,18.03,16.39,0,0,1.64,0,13.11,4.92,9.84,14.75,3.28,4.92,1.64,29.51,1.64,0,1.64,0,0,0,0,0,0,0,0,8.2,1.64,0,0,3.28,11.48,3.28,0,0,6.56,1.64,1.64,0,0,0,0,0,0,0,0,0,4.92,1.64,1.64,1.64,0,0,22.95,6.56,0,3.28,0,3.28,0,4.92,0,0,0,0,0,1.64,0,0,1.64,1.64,0,22.95,4.92,6.56,0,0,0,0,9.84,0,1.64,0,0,1
trial_lie_014.txt,1,56,1,3.73,83.26,87.2,56,3.57,98.21,71.43,28.57,25,16.07,0,0,8.93,0,3.57,0,12.5,16.07,7.14,10.71,3.57,26.79,3.57,0,1.79,0,0,3.57,3.57,0,0,0,0,8.93,0,0,0,8.93,16.07,1.79,1.79,3.57,3.57,0,7.14,1.79,0,0,1.79,7.14,5.36,3.57,0,0,5.36,0,1.79,1.79,1.79,0,16.07,7.14,1.79,14.29,1.79,7.14,5.36,0,0,0,3.57,0,0,0,0,0,0,0,0,19.64,1.79,14.29,0,0,0,0,0,0,3.57,0,0,1
trial_lie_015.txt,1,76,28.39,29.92,98.54,1,38,10.53,88.16,65.79,18.42,14.47,6.58,2.63,1.32,3.95,0,3.95,9.21,14.47,7.89,7.89,13.16,5.26,11.84,5.26,5.26,2.63,0,1.32,5.26,0,5.26,1.32,2.63,1.32,10.53,0,0,0,3.95,11.84,1.32,0,1.32,3.95,0,6.58,2.63,0,2.63,0,0,0,0,0,0,5.26,2.63,0,2.63,0,0,7.89,5.26,1.32,25,1.32,15.79,7.89,0,1.32,1.32,0,0,1.32,2.63,1.32,0,0,1.32,0,25,1.32,11.84,0,0,0,0,0,2.63,6.58,0,2.63,1
trial_lie_016.txt,1,112,2.98,7.67,96.82,41.94,112,8.93,88.39,69.64,21.43,10.71,8.93,0,0.89,0,0.89,9.82,6.25,9.82,11.61,16.07,12.5,1.79,17.86,3.57,1.79,5.36,1.79,1.79,0.89,0.89,0,0,0,0,1.79,0,0,0,0,17.86,2.68,1.79,4.46,7.14,0,6.25,0.89,0,0,0.89,0,0,0,0,0,2.68,0,0,2.68,0,0,4.46,9.82,1.79,18.75,2.68,9.82,7.14,0,0,0,1.79,0,0,2.68,0,0,0,2.68,0,16.07,0.89,11.61,0,0,0,0,0,0,3.57,0,0,1
trial_lie_017.txt,1,120,64.28,17.96,99,57.28,120,9.17,90,60,19.17,11.67,10.83,0,0,0,0.83,7.5,5.83,18.33,5,6.67,6.67,2.5,18.33,0.83,0.83,0,0.83,2.5,1.67,1.67,0,0,0,0,6.67,0.83,0.83,0.83,0,8.33,1.67,0,1.67,0.83,2.5,2.5,0.83,0,0,0.83,0,0,0,0,0,5,0,0,0.83,4.17,0,10,5.83,2.5,23.33,2.5,8.33,11.67,0.83,0,0,0,0,1.67,0,0,0,0,0,0,13.33,0.83,11.67,0,0,0,0,0,0,0.83,0,0,1
trial_lie_018.txt,1,104,20.09,57.63,21.89,62.24,104,11.54,89.42,62.5,22.12,10.58,3.85,4.81,0,0.96,0.96,11.54,5.77,11.54,11.54,4.81,7.69,3.85,12.5,3.85,3.85,0,0,0.96,7.69,4.81,2.88,0.96,0.96,0,11.54,0,0.96,0,0.96,9.62,0.96,0,0,0.96,0.96,6.73,2.88,2.88,0,0,0,0,0,0,0,14.42,7.69,0.96,1.92,3.85,0.96,10.58,4.81,0,5.77,0,2.88,2.88,0,0,0,0,0,0,6.73,0,0.96,0.96,4.81,0,31.73,0.96,15.38,0,0,0,0,0,5.77,3.85,0,5.77,1
trial_lie_019.txt,1,124,34.28,16.66,99,71.22,41.33,10.48,97.58,64.52,16.94,8.06,7.26,0,0,0.81,0,8.87,5.65,16.13,8.06,8.06,13.71,1.61,21.77,6.45,5.65,0.81,0,3.23,2.42,2.42,0,0,0,0,1.61,0,0,0,0.81,8.87,2.42,1.61,1.61,1.61,0,2.42,0,0,0,0,0,0,0,0,0,4.03,0,1.61,1.61,1.61,0,8.06,8.06,1.61,33.87,7.26,19.35,8.06,0.81,0.81,4.03,0,0,0,0.81,0,0,0,0.81,0,11.29,2.42,8.06,0,0,0,0,0,0,0.81,0,0,1
trial_lie_020.txt,1,28,68.29,14.19,96.82,1,28,14.29,96.43,53.57,17.86,10.71,10.71,0,0,0,0,7.14,7.14,14.29,7.14,3.57,7.14,0,17.86,3.57,0,3.57,0,3.57,10.71,0,10.71,3.57,3.57,0,3.57,0,0,0,0,14.29,3.57,0,0,10.71,0,0,0,0,0,0,3.57,3.57,0,0,0,7.14,0,3.57,3.57,0,3.57,17.86,0,0,17.86,3.57,10.71,3.57,0,0,0,0,0,0,7.14,3.57,0,0,3.57,0,25,3.57,7.14,0,0,0,0,0,7.14,0,0,7.14,1
trial_lie_021.txt,1,39,1,3.66,88.5,1,39,10.26,92.31,66.67,25.64,17.95,12.82,0,0,5.13,0,7.69,2.56,12.82,15.38,2.56,17.95,7.69,25.64,10.26,7.69,0,0,2.56,5.13,0,5.13,0,2.56,0,10.26,0,0,0,5.13,17.95,7.69,0,2.56,2.56,2.56,7.69,7.69,0,7.69,0,0,0,0,0,0,0,0,0,0,0,0,2.56,12.82,0,7.69,0,7.69,0,0,0,0,0,0,0,2.56,0,0,0,2.56,0,25.64,2.56,15.38,0,0,0,0,0,0,7.69,0,0,1
trial_lie_022.txt,1,97,28.59,10.82,98.43,44.66,32.33,7.22,92.78,61.86,18.56,8.25,7.22,0,1.03,0,0,10.31,6.19,12.37,11.34,7.22,7.22,3.09,17.53,4.12,3.09,2.06,0,8.25,3.09,2.06,1.03,0,0,1.03,5.15,0,0,0,0,20.62,5.15,1.03,1.03,5.15,2.06,8.25,1.03,0,1.03,0,0,0,0,0,0,3.09,0,0,2.06,1.03,0,6.19,13.4,0,14.43,2.06,6.19,7.22,1.03,0,0,0,0,0,2.06,0,0,0,2.06,0,17.53,3.09,9.28,0,0,0,0,0,0,5.15,0,0,1
trial_lie_023.txt,1,111,12.68,10.38,75.94,1,22.2,12.61,90.09,65.77,19.82,14.41,9.91,0,0,4.5,0,5.41,3.6,15.32,13.51,9.01,9.01,4.5,21.62,3.6,2.7,0,0,1.8,5.41,0.9,4.5,0.9,3.6,0,9.91,0,0,0,4.5,18.02,0.9,1.8,3.6,5.41,2.7,8.11,1.8,0,1.8,0,0.9,0,0.9,0,0,3.6,0,0.9,0.9,0.9,0.9,8.11,13.51,0.9,14.41,1.8,9.01,4.5,0.9,0,0,0,0,1.8,0,0,0,0,0,0,20.72,8.11,6.31,0,0,0,0,0.9,0,5.41,0,0,1
trial_lie_024.txt,1,103,3.37,3.28,98.4,25.77,20.6,17.48,92.23,68.93,23.3,17.48,13.59,0,0,3.88,0,5.83,3.88,10.68,12.62,13.59,8.74,2.91,21.36,1.94,0.97,0,0,0.97,0,0,0,0,0,0,3.88,0,0,0,3.88,17.48,5.83,0,0,3.88,1.94,5.83,2.91,0.97,0,0.97,4.85,3.88,0.97,0,0,2.91,0.97,0.97,0,0.97,0,11.65,3.88,1.94,12.62,0.97,7.77,3.88,0,0,0.97,0,0,0,1.94,0,0.97,0,0.97,0,22.33,6.8,11.65,0,0,0,0,0,0,3.88,0,0,1
trial_lie_025.txt,1,94,2.76,10.1,98.44,11.87,94,15.96,92.55,62.77,24.47,11.7,9.57,0,0,0,2.13,12.77,3.19,9.57,12.77,4.26,18.09,1.06,23.4,11.7,7.45,4.26,0,3.19,3.19,1.06,2.13,0,1.06,0,4.26,0,0,0,0,23.4,9.57,3.19,1.06,6.38,1.06,6.38,9.57,0,4.26,3.19,2.13,0,2.13,0,0,0,0,0,0,0,0,6.38,15.96,1.06,9.57,2.13,4.26,3.19,0,0,0,0,0,0,1.06,0,0,0,1.06,0,18.09,1.06,12.77,0,0,0,0,0,0,4.26,0,0,1
trial_lie_026.txt,1,64,1,21.73,55.79,1,32,20.31,96.88,70.31,29.69,15.62,10.94,0,3.12,0,1.56,14.06,1.56,7.81,17.19,10.94,9.38,3.12,29.69,3.12,1.56,4.69,0,1.56,7.81,1.56,6.25,1.56,0,0,9.38,0,0,0,0,28.12,6.25,4.69,6.25,9.38,1.56,6.25,3.12,1.56,0,1.56,3.12,0,3.12,0,0,9.38,0,0,0,1.56,7.81,12.5,10.94,0,4.69,0,1.56,3.12,0,0,0,0,0,0,1.56,0,0,1.56,0,0,9.38,3.12,3.12,0,0,0,0,0,0,3.12,0,0,1
trial_lie_027.txt,1,74,51.94,17.21,89.05,75.85,24.67,16.22,93.24,54.05,10.81,5.41,4.05,0,0,0,1.35,5.41,5.41,16.22,8.11,4.05,16.22,2.7,18.92,10.81,8.11,1.35,2.7,4.05,2.7,2.7,0,0,0,0,4.05,0,0,0,0,25.68,2.7,1.35,4.05,8.11,9.46,6.76,2.7,0,2.7,0,0,0,0,0,0,0,0,0,0,0,0,8.11,6.76,1.35,18.92,4.05,10.81,5.41,1.35,0,0,0,0,0,1.35,0,1.35,0,0,0,21.62,2.7,8.11,0,0,2.7,0,0,0,2.7,5.41,0,1
trial_lie_028.txt,1,57,6.56,1,99,86.53,14.25,10.53,100,66.67,19.3,5.26,5.26,0,0,0,0,14.04,3.51,14.04,10.53,15.79,7.02,7.02,28.07,1.75,1.75,0,1.75,0,3.51,3.51,0,0,0,0,1.75,0,0,0,0,26.32,7.02,1.75,0,7.02,1.75,15.79,0,0,0,0,0,0,0,0,0,1.75,0,1.75,1.75,1.75,0,10.53,15.79,0,15.79,5.26,7.02,5.26,0,0,0,0,0,0,3.51,0,0,0,3.51,0,26.32,14.04,7.02,0,0,0,0,0,0,5.26,0,0,1
trial_lie_029.txt,1,54,31.3,42.65,99,25.77,54,11.11,96.3,68.52,25.93,22.22,12.96,1.85,0,7.41,0,3.7,3.7,18.52,5.56,11.11,7.41,0,22.22,3.7,3.7,3.7,0,0,0,0,0,0,0,0,9.26,0,0,0,7.41,9.26,3.7,0,0,3.7,1.85,0,3.7,0,0,3.7,3.7,1.85,1.85,0,0,14.81,1.85,7.41,5.56,3.7,0,9.26,5.56,0,25.93,3.7,12.96,11.11,0,0,0,0,0,0,0,0,0,0,0,0,3.7,0,3.7,0,0,0,0,0,0,0,0,0,1
trial_lie_030.txt,1,76,57.18,5.73,99,50.32,19,18.42,89.47,55.26,17.11,9.21,6.58,0,0,0,2.63,7.89,10.53,10.53,7.89,1.32,7.89,5.26,18.42,3.95,2.63,0,0,1.32,3.95,2.63,1.32,0,0,0,2.63,0,0,0,0,22.37,9.21,0,0,2.63,3.95,6.58,3.95,1.32,1.32,0,0,0,0,0,0,0,0,0,0,0,0,7.89,9.21,0,22.37,11.84,7.89,2.63,0,0,0,0,0,0,1.32,0,0,0,1.32,0,22.37,5.26,13.16,0,0,0,0,0,0,3.95,0,0,1
trial_lie_031.txt,1,34,1,72.17,99,1.76,8.5,5.88,100,73.53,29.41,17.65,8.82,5.88,0,0,2.94,11.76,0,11.76,11.76,14.71,11.76,2.94,29.41,0,0,8.82,0,0,8.82,2.94,5.88,2.94,2.94,0,11.76,0,0,0,0,23.53,8.82,11.76,2.94,0,0,0,0,0,0,0,0,0,0,0,0,14.71,5.88,0,8.82,0,0,8.82,14.71,0,20.59,0,11.76,8.82,0,0,0,0,0,0,2.94,0,0,0,2.94,0,23.53,14.71,5.88,0,0,0,0,0,0,2.94,0,0,1
trial_lie_032.txt,1,57,18.82,80.98,28.23,25.77,9.5,10.53,84.21,59.65,15.79,10.53,5.26,0,0,5.26,0,5.26,7.02,8.77,15.79,10.53,7.02,0,26.32,1.75,1.75,3.51,0,0,0,0,0,0,0,0,14.04,0,1.75,0,8.77,1.75,0,0,0,1.75,0,0,1.75,0,1.75,0,5.26,0,0,0,5.26,7.02,0,0,3.51,1.75,1.75,22.81,1.75,0,17.54,1.75,8.77,7.02,0,0,1.75,0,0,0,0,0,0,0,0,0,19.3,10.53,7.02,0,0,0,0,1.75,0,0,0,0,1
trial_lie_033.txt,1,147,3.19,70.7,33.04,2.25,7.35,6.12,93.2,65.99,27.89,21.77,7.48,0,3.4,2.72,8.16,6.12,3.4,8.84,12.24,8.16,4.76,6.12,27.21,2.04,2.04,1.36,0,1.36,4.08,0.68,3.4,1.36,2.04,0,19.73,0,0,0,4.08,15.65,1.36,4.08,4.08,2.04,1.36,4.08,4.08,2.72,1.36,0,0,0,0,0,0,4.76,0,0.68,1.36,2.72,0,8.84,15.65,2.04,12.24,3.4,8.16,2.72,0.68,0,0,0,0,1.36,2.04,0,0,0,1.36,0,27.21,12.93,4.08,0,0,2.04,0,0,0,5.44,0,2.72,1
trial_lie_034.txt,1,59,4.94,15.45,56.85,85.2,9.83,8.47,93.22,67.8,30.51,28.81,16.95,0,0,11.86,0,1.69,3.39,10.17,10.17,3.39,11.86,1.69,18.64,0,0,0,0,0,3.39,3.39,0,0,0,0,11.86,0,0,0,11.86,10.17,1.69,3.39,1.69,1.69,1.69,3.39,3.39,0,0,3.39,10.17,10.17,0,0,0,5.08,0,1.69,1.69,1.69,0,6.78,5.08,1.69,13.56,3.39,8.47,1.69,0,0,1.69,0,0,0,1.69,0,0,0,0,1.69,22.03,15.25,1.69,0,0,0,0,1.69,0,3.39,0,0,1
trial_lie_035.txt,1,106,17.63,77.48,42.15,61.55,8.83,9.43,95.28,63.21,25.47,23.58,13.21,0,8.49,0.94,0.94,1.89,5.66,11.32,4.72,9.43,6.6,4.72,18.87,0,0,0.94,0,0.94,5.66,3.77,1.89,0,0,0,23.58,4.72,0,1.89,1.89,16.04,0,1.89,3.77,0.94,3.77,6.6,5.66,0.94,4.72,0,5.66,0.94,4.72,0,0,6.6,1.89,0,2.83,1.89,0,6.6,10.38,3.77,4.72,0,0.94,3.77,0.94,1.89,1.89,0,0,0,5.66,0,2.83,0,2.83,0,25.47,13.21,6.6,0,0,0,0,0.94,0,4.72,0,0,1
trial_lie_036.txt,1,45,40.14,81.29,18.21,99,7.5,15.56,97.78,60,20,13.33,6.67,0,0,6.67,0,6.67,6.67,13.33,8.89,4.44,6.67,4.44,15.56,4.44,0,0,0,0,11.11,8.89,2.22,0,0,2.22,22.22,6.67,0,2.22,11.11,15.56,6.67,2.22,0,0,4.44,2.22,4.44,0,0,0,2.22,0,2.22,0,0,11.11,6.67,0,4.44,0,0,2.22,17.78,0,6.67,0,4.44,2.22,0,2.22,0,0,0,0,0,0,0,0,0,0,51.11,42.22,2.22,0,0,0,0,0,0,6.67,0,0,1
trial_lie_037.txt,1,42,1,2.86,52.86,1,10.5,16.67,92.86,59.52,30.95,26.19,19.05,0,0,7.14,0,4.76,0,4.76,11.9,2.38,9.52,4.76,21.43,0,2.38,0,0,0,7.14,0,7.14,0,0,2.38,7.14,0,0,0,7.14,9.52,2.38,0,4.76,0,0,2.38,4.76,0,0,4.76,11.9,9.52,2.38,0,0,2.38,0,0,0,0,2.38,11.9,0,4.76,9.52,2.38,2.38,4.76,0,0,0,0,0,0,7.14,0,2.38,0,4.76,0,14.29,7.14,2.38,0,0,0,0,0,0,4.76,0,0,1
trial_lie_038.txt,1,39,1,22.08,78.04,73.64,13,7.69,100,64.1,28.21,25.64,17.95,0,2.56,5.13,0,2.56,0,10.26,17.95,5.13,5.13,7.69,38.46,2.56,0,0,0,2.56,2.56,2.56,0,0,0,0,20.51,2.56,0,2.56,5.13,20.51,2.56,0,5.13,5.13,2.56,5.13,2.56,0,2.56,0,0,0,0,0,0,7.69,0,5.13,2.56,0,0,10.26,17.95,0,10.26,7.69,2.56,0,0,0,0,0,0,0,2.56,0,0,0,2.56,0,25.64,7.69,5.13,0,0,0,0,0,2.56,7.69,0,2.56,1
trial_lie_039.txt,1,45,1.05,1,82.75,67.75,11.25,6.67,100,68.89,24.44,22.22,13.33,0,0,8.89,0,2.22,2.22,8.89,8.89,13.33,2.22,15.56,22.22,0,0,0,0,2.22,2.22,2.22,0,0,0,0,13.33,0,0,8.89,0,20,2.22,0,2.22,2.22,0,13.33,2.22,2.22,0,0,4.44,2.22,2.22,0,0,0,0,0,0,0,0,11.11,8.89,0,8.89,4.44,2.22,2.22,2.22,0,4.44,0,0,0,4.44,0,0,0,4.44,0,28.89,8.89,13.33,0,0,0,0,0,0,6.67,0,0,1
trial_lie_040.txt,1,49,40.01,84.63,1.69,64.46,12.25,10.2,97.96,57.14,24.49,22.45,10.2,0,0,12.24,0,2.04,2.04,16.33,4.08,4.08,8.16,2.04,24.49,4.08,2.04,2.04,0,2.04,2.04,2.04,0,0,0,0,22.45,0,0,0,12.24,4.08,0,0,0,2.04,2.04,0,4.08,0,4.08,0,8.16,2.04,6.12,0,0,6.12,0,0,0,6.12,0,12.24,8.16,0,10.2,4.08,4.08,2.04,2.04,0,0,0,0,0,6.12,0,0,2.04,4.08,0,12.24,8.16,4.08,0,0,0,0,0,0,0,0,0,1
trial_lie_041.txt,1,69,74.82,71.89,13.9,93.61,23,18.84,94.2,60.87,17.39,4.35,0,4.35,0,0,0,13.04,10.14,17.39,7.25,4.35,7.25,2.9,18.84,4.35,2.9,2.9,0,1.45,4.35,4.35,0,0,0,0,7.25,0,0,0,0,15.94,2.9,2.9,1.45,4.35,1.45,2.9,1.45,0,1.45,0,0,0,0,0,0,11.59,4.35,1.45,4.35,1.45,0,1.45,15.94,2.9,10.14,1.45,5.8,2.9,4.35,0,0,4.35,0,0,4.35,0,0,0,4.35,0,11.59,4.35,2.9,0,0,0,0,0,0,4.35,0,0,1
trial_lie_042.txt,1,56,80.46,92.33,4.35,25.77,14,14.29,89.29,55.36,17.86,12.5,0,0,0,7.14,5.36,5.36,10.71,14.29,3.57,5.36,5.36,1.79,14.29,1.79,1.79,0,0,0,3.57,1.79,1.79,0,0,0,17.86,0,1.79,0,10.71,3.57,1.79,0,0,0,0,1.79,1.79,0,0,1.79,0,0,0,0,0,7.14,1.79,1.79,0,1.79,1.79,8.93,1.79,0,14.29,5.36,7.14,1.79,3.57,0,0,0,0,0,5.36,0,0,0,5.36,0,16.07,7.14,7.14,0,0,0,0,0,0,1.79,0,0,1
trial_lie_043.txt,1,43,12.28,8.15,77.74,3.52,10.75,9.3,95.35,65.12,16.28,13.95,9.3,0,0,4.65,0,2.33,9.3,6.98,20.93,4.65,4.65,6.98,27.91,4.65,2.33,0,0,0,6.98,2.33,4.65,0,2.33,0,6.98,0,0,0,4.65,16.28,4.65,4.65,4.65,0,0,4.65,2.33,0,0,2.33,2.33,2.33,0,0,0,4.65,0,2.33,4.65,2.33,0,16.28,6.98,0,16.28,2.33,6.98,6.98,4.65,0,0,0,0,0,2.33,0,0,0,2.33,0,16.28,11.63,0,0,0,0,0,0,0,4.65,0,0,1
trial_lie_044.txt,1,27,96.08,98.62,58.07,25.77,13.5,18.52,96.3,62.96,14.81,7.41,0,7.41,0,0,0,7.41,7.41,25.93,3.7,7.41,0,3.7,11.11,0,0,0,7.41,7.41,0,0,0,0,0,0,18.52,0,0,0,0,0,0,0,0,0,0,0,3.7,3.7,0,0,0,0,0,0,0,7.41,7.41,0,0,0,0,3.7,3.7,0,22.22,0,22.22,0,0,0,0,0,0,0,3.7,0,0,0,3.7,0,14.81,7.41,3.7,0,0,0,0,0,0,3.7,0,0,1
trial_lie_045.txt,1,39,3.62,39.87,8.65,73.64,19.5,33.33,71.79,53.85,5.13,2.56,0,2.56,0,0,0,2.56,0,7.69,15.38,15.38,12.82,5.13,17.95,0,0,2.56,0,2.56,2.56,2.56,0,0,0,0,5.13,0,0,0,0,25.64,5.13,7.69,0,2.56,5.13,5.13,0,0,0,0,0,0,0,0,0,10.26,5.13,0,5.13,0,0,0,20.51,0,2.56,0,2.56,0,7.69,0,0,0,0,0,0,0,0,0,0,0,15.38,5.13,5.13,0,0,0,0,2.56,0,2.56,0,0,1
trial_lie_046.txt,1,80,75.59,95.99,15.86,10.13,20,11.25,95,62.5,16.25,12.5,2.5,6.25,0,2.5,1.25,3.75,12.5,15,10,7.5,3.75,1.25,20,3.75,2.5,1.25,1.25,0,3.75,1.25,2.5,0,2.5,0,16.25,0,0,0,2.5,13.75,3.75,1.25,3.75,1.25,2.5,1.25,0,0,0,0,0,0,0,0,0,15,6.25,1.25,6.25,0,1.25,8.75,6.25,0,13.75,3.75,7.5,2.5,0,0,0,0,0,0,5,0,1.25,0,3.75,0,17.5,10,5,0,0,0,0,0,0,2.5,0,0,1
trial_lie_047.txt,1,22,7.71,1.2,96.4,25.77,7.33,9.09,100,59.09,18.18,9.09,4.55,0,0,4.55,0,9.09,9.09,4.55,9.09,4.55,4.55,18.18,13.64,0,0,0,4.55,13.64,0,0,0,0,0,0,22.73,0,0,0,4.55,31.82,0,0,0,9.09,0,22.73,0,0,0,0,0,0,0,0,0,9.09,9.09,0,0,0,0,13.64,0,0,9.09,0,4.55,4.55,0,0,0,0,0,0,0,0,0,0,0,0,31.82,13.64,9.09,0,0,0,0,0,0,9.09,0,0,1
trial_lie_048.txt,1,25,63.83,50,20.24,25.77,6.25,20,80,44,24,20,12,0,0,8,0,4,8,8,8,0,0,0,16,4,0,0,0,8,8,4,4,0,0,4,12,0,0,0,8,8,0,8,0,0,0,0,0,0,0,0,0,0,0,0,0,0,0,0,0,0,0,8,4,0,12,0,4,8,0,0,0,0,0,0,4,0,0,4,0,0,24,16,4,0,0,0,0,0,0,4,0,0,1
trial_lie_049.txt,1,28,1,99,1.06,25.77,9.33,0,96.43,78.57,39.29,28.57,7.14,0,21.43,0,0,10.71,3.57,10.71,21.43,3.57,7.14,0,28.57,0,0,0,0,0,0,0,0,0,0,0,28.57,0,0,0,0,25,7.14,0,17.86,10.71,0,3.57,7.14,0,7.14,0,0,0,0,0,0,0,0,0,0,0,0,3.57,10.71,0,7.14,0,7.14,0,0,0,0,0,0,0,0,0,0,0,0,0,42.86,17.86,3.57,0,0,0,0,3.57,0,17.86,0,0,1
trial_lie_050.txt,1,44,57.84,8.65,85.21,68.66,6.29,6.82,90.91,63.64,20.45,15.91,11.36,0,0,4.55,0,4.55,6.82,18.18,6.82,4.55,6.82,4.55,18.18,9.09,9.09,0,2.27,0,2.27,2.27,0,0,0,0,4.55,0,0,0,4.55,6.82,2.27,0,0,2.27,0,2.27,0,0,0,0,2.27,0,2.27,0,0,6.82,0,2.27,4.55,0,0,9.09,9.09,0,15.91,4.55,4.55,9.09,4.55,0,0,0,2.27,0,0,0,0,0,0,0,27.27,20.45,2.27,0,0,0,0,0,0,4.55,0,0,1
trial_lie_051.txt,1,9,4.69,98.62,1,25.77,9,0,88.89,66.67,22.22,22.22,0,0,0,22.22,0,0,11.11,0,11.11,11.11,11.11,0,33.33,0,0,11.11,0,0,0,0,0,0,0,0,22.22,0,0,11.11,11.11,22.22,0,11.11,11.11,0,0,0,0,0,0,0,0,0,0,0,0,11.11,0,0,0,11.11,0,0,11.11,0,0,0,0,0,0,0,0,0,0,0,0,0,0,0,0,0,33.33,33.33,0,0,0,0,0,0,0,0,0,0,1
trial_lie_052.txt,1,72,1,16.54,39.76,77,9,13.89,91.67,73.61,30.56,19.44,11.11,0,0,8.33,0,11.11,2.78,8.33,15.28,6.94,8.33,8.33,20.83,2.78,1.39,1.39,0,1.39,2.78,2.78,0,0,0,0,13.89,1.39,0,8.33,0,9.72,1.39,0,0,0,4.17,4.17,2.78,1.39,1.39,0,0,0,0,0,0,1.39,1.39,0,0,0,0,16.67,4.17,1.39,11.11,0,2.78,8.33,0,0,0,0,0,0,4.17,0,0,1.39,2.78,0,25,11.11,6.94,0,0,0,0,0,0,6.94,0,0,1
trial_lie_053.txt,1,40,38.6,30.86,99,2.89,20,10,90,67.5,27.5,17.5,7.5,0,2.5,0,7.5,10,7.5,15,12.5,2.5,5,0,22.5,5,7.5,2.5,2.5,2.5,7.5,2.5,5,0,2.5,2.5,12.5,0,0,0,0,20,5,2.5,0,2.5,2.5,12.5,2.5,0,2.5,0,0,0,0,0,0,2.5,0,2.5,0,0,0,7.5,7.5,2.5,12.5,2.5,10,2.5,0,0,0,0,0,2.5,0,0,0,0,0,0,12.5,5,5,0,0,0,0,0,0,2.5,0,0,1
trial_lie_054.txt,1,25,14.11,1,99,25.77,6.25,32,76,44,24,20,20,0,0,0,0,4,8,0,16,0,0,4,28,0,0,0,0,0,8,4,4,0,0,0,0,0,0,0,0,16,16,0,0,0,0,0,0,0,0,0,0,0,0,0,0,0,0,0,0,0,0,0,32,0,0,0,0,0,0,0,4,0,0,0,4,0,0,4,0,0,44,28,4,0,0,4,0,0,0,8,0,0,1
trial_lie_055.txt,1,65,7.08,82.21,1.4,25.77,10.83,13.85,78.46,56.92,16.92,12.31,3.08,0,6.15,3.08,0,4.62,4.62,6.15,16.92,4.62,10.77,3.08,20,6.15,1.54,3.08,0,1.54,6.15,3.08,3.08,0,0,0,13.85,0,0,1.54,1.54,13.85,3.08,1.54,0,3.08,1.54,4.62,1.54,0,1.54,0,3.08,0,0,3.08,0,0,0,0,0,0,0,9.23,10.77,0,0,0,0,0,0,0,0,0,0,0,0,0,0,0,0,0,29.23,13.85,12.31,0,0,0,0,0,0,3.08,0,0,1
trial_lie_056.txt,1,41,83.49,59.64,83.44,1,8.2,26.83,92.68,46.34,12.2,7.32,4.88,0,0,2.44,0,4.88,7.32,12.2,7.32,2.44,4.88,0,12.2,0,0,0,0,2.44,9.76,2.44,7.32,0,4.88,0,9.76,2.44,2.44,2.44,0,14.63,4.88,2.44,0,4.88,2.44,2.44,0,0,0,0,0,0,0,0,0,14.63,7.32,0,7.32,0,0,2.44,9.76,0,17.07,4.88,12.2,0,0,2.44,2.44,0,0,0,14.63,0,0,4.88,9.76,0,36.59,17.07,17.07,0,0,0,0,0,0,2.44,0,0,1
trial_lie_057.txt,1,41,5.06,50,56.3,25.77,10.25,9.76,90.24,70.73,31.71,14.63,7.32,0,7.32,0,0,17.07,4.88,12.2,9.76,7.32,7.32,4.88,19.51,0,0,2.44,0,0,0,0,0,0,0,0,12.2,0,0,0,0,21.95,7.32,4.88,4.88,2.44,0,7.32,0,0,0,0,0,0,0,0,0,0,0,0,0,0,0,0,17.07,2.44,4.88,0,4.88,0,0,0,0,0,0,0,0,0,0,0,0,0,17.07,14.63,2.44,0,0,0,0,0,0,0,0,0,1
trial_lie_058.txt,1,14,5.89,23.75,1.06,1,2,50,71.43,42.86,7.14,7.14,7.14,0,0,0,0,0,0,0,14.29,21.43,0,0,14.29,0,0,0,21.43,21.43,7.14,0,7.14,0,0,7.14,0,0,0,0,0,21.43,0,0,0,0,21.43,0,0,0,0,0,0,0,0,0,0,0,0,0,0,0,0,0,14.29,0,0,0,0,0,0,0,0,0,0,0,14.29,0,0,14.29,0,0,50,42.86,0,0,0,7.14,0,0,0,0,0,0,1
trial_lie_059.txt,1,104,77.06,80.65,26.92,25.77,17.33,21.15,90.38,56.73,12.5,1.92,0,0,0.96,0,0.96,10.58,9.62,15.38,11.54,0.96,10.58,0,22.12,0.96,2.88,3.85,3.85,0,1.92,0.96,0.96,0,0,0.96,13.46,0,0.96,0,0,13.46,1.92,0.96,2.88,7.69,0,5.77,0.96,0,0.96,0,0,0,0,0,0,7.69,3.85,2.88,2.88,0,0,2.88,14.42,1.92,12.5,2.88,7.69,1.92,0,0.96,0,0,2.88,0,4.81,0,0,0,4.81,0,23.08,8.65,5.77,0,0,0,0,0.96,1.92,3.85,0,1.92,1
trial_lie_060.txt,1,48,1,4.8,99,1,5.33,12.5,83.33,60.42,25,18.75,14.58,0,4.17,0,0,6.25,0,6.25,18.75,16.67,0,12.5,27.08,8.33,0,2.08,0,0,10.42,2.08,8.33,0,0,6.25,6.25,0,0,0,0,20.83,6.25,0,0,0,14.58,0,0,0,0,0,0,0,0,0,0,2.08,0,0,0,2.08,0,8.33,18.75,0,16.67,0,2.08,14.58,0,0,0,0,0,0,2.08,0,0,2.08,0,0,35.42,20.83,4.17,2.08,0,2.08,0,0,0,6.25,0,0,1
trial_lie_061.txt,1,54,1.44,28.91,79.42,88.52,6.75,7.41,94.44,74.07,31.48,20.37,7.41,0,5.56,7.41,0,11.11,1.85,14.81,16.67,3.7,7.41,9.26,24.07,3.7,1.85,1.85,0,3.7,3.7,3.7,0,0,0,0,16.67,0,0,3.7,3.7,25.93,7.41,1.85,1.85,0,3.7,11.11,3.7,0,3.7,0,0,0,0,0,0,3.7,0,0,3.7,0,0,1.85,20.37,1.85,9.26,0,5.56,3.7,0,0,0,0,1.85,0,3.7,0,0,0,3.7,0,35.19,7.41,7.41,0,0,7.41,0,0,0,9.26,3.7,0,1
trial_truth_001.txt,1,36,93.26,79.76,1,77,12,27.78,86.11,50,13.89,8.33,2.78,0,0,0,5.56,5.56,11.11,13.89,2.78,0,8.33,0,8.33,2.78,2.78,0,0,2.78,2.78,2.78,0,0,0,0,11.11,0,0,0,0,13.89,2.78,2.78,2.78,2.78,2.78,0,0,0,0,0,0,0,0,0,0,16.67,0,0,16.67,0,0,0,8.33,0,0,0,0,0,8.33,0,0,0,0,0,5.56,0,0,0,5.56,0,22.22,19.44,2.78,0,0,0,0,0,0,0,0,0,0
trial_truth_002.txt,1,56,33.83,94.58,2.24,25.77,11.2,17.86,82.14,60.71,25,10.71,0,1.79,3.57,0,5.36,14.29,3.57,14.29,10.71,1.79,5.36,1.79,16.07,1.79,1.79,1.79,1.79,1.79,0,0,0,0,0,0,17.86,1.79,0,0,0,12.5,1.79,0,1.79,1.79,1.79,5.36,0,0,0,0,0,0,0,0,0,5.36,3.57,0,0,1.79,0,0,16.07,0,3.57,0,1.79,1.79,3.57,1.79,1.79,0,0,0,1.79,0,0,0,1.79,0,30.36,17.86,10.71,0,0,0,0,0,0,1.79,0,0,0
trial_truth_003.txt,1,13,10.57,1.07,94.81,25.77,3.25,0,100,38.46,15.38,15.38,15.38,0,0,0,0,0,0,0,7.69,7.69,7.69,0,15.38,0,0,0,0,0,0,0,0,0,0,0,0,0,0,0,0,7.69,0,0,0,0,0,7.69,0,0,0,0,0,0,0,0,0,0,0,0,0,0,0,15.38,0,0,7.69,7.69,7.69,0,0,0,0,0,0,0,53.85,0,23.08,38.46,7.69,0,92.31,46.15,30.77,0,0,0,0,15.38,0,0,0,0,0
trial_truth_004.txt,1,217,70.62,86.57,39.18,18.93,16.69,7.37,94.93,61.29,16.13,11.52,2.76,0.92,0.46,7.37,0,4.15,9.68,16.59,7.83,5.07,9.68,0.92,16.59,1.84,1.84,0.92,1.38,1.38,0.46,0,0.46,0,0.46,0,14.75,0,0,0,7.83,6.45,0.92,0.46,0.46,3.23,0.92,1.38,2.76,0.46,1.38,0,0.92,0.92,0,0,0,4.15,0.92,0,2.3,0.92,0,10.6,4.61,0.92,22.12,4.15,15.21,4.15,1.38,0.46,1.84,0,0,0,3.69,0,0.46,0,3.23,0,29.95,14.29,11.52,0,0,0,0,1.38,0,2.76,0,0,0
trial_truth_005.txt,1,100,61.12,69.14,36.95,25.77,20,11,88,62,13,9,3,0,0,6,0,4,10,15,11,7,9,2,18,0,0,4,2,1,2,1,1,1,0,0,13,0,0,0,6,15,3,3,3,2,3,3,3,0,3,0,0,0,0,0,0,6,1,0,4,1,0,11,5,0,19,3,10,7,1,1,4,0,0,0,0,0,0,0,0,0,20,7,8,0,0,0,0,4,0,1,0,0,0
trial_truth_006.txt,1,68,3.93,61.58,74.76,25.77,11.33,8.82,92.65,70.59,22.06,17.65,8.82,0,1.47,0,7.35,4.41,7.35,7.35,14.71,11.76,8.82,2.94,29.41,1.47,0,1.47,0,0,2.94,1.47,1.47,0,0,0,20.59,0,0,0,0,10.29,0,0,1.47,1.47,0,7.35,8.82,0,8.82,0,0,0,0,0,0,0,0,0,0,0,0,20.59,5.88,2.94,10.29,4.41,4.41,1.47,1.47,0,0,0,0,0,0,0,0,0,0,0,22.06,11.76,4.41,0,0,0,0,2.94,0,2.94,0,0,0
trial_truth_007.txt,1,141,20.23,69.02,42.45,77.89,7.83,11.35,96.45,60.28,22.7,16.31,7.8,1.42,0.71,3.55,2.84,6.38,9.22,7.09,14.18,2.84,5.67,3.55,26.24,1.42,1.42,1.42,0,0.71,2.84,2.84,0,0,0,0,16.31,3.55,0,1.42,6.38,9.93,3.55,0.71,0.71,2.13,1.42,2.13,1.42,0,1.42,0,2.13,0,2.13,0,0,8.51,2.84,0.71,2.13,3.55,0.71,12.06,10.64,0.71,10.64,2.13,5.67,2.84,1.42,0,0.71,0,0,0,3.55,0,1.42,2.13,1.42,0,29.08,17.02,6.38,0,0,0,0,1.42,0,4.26,0,0,0
trial_truth_008.txt,1,94,34.32,58.41,77.49,45.3,94,10.64,98.94,56.38,20.21,12.77,6.38,0,0,6.38,0,7.45,6.38,11.7,9.57,9.57,2.13,3.19,18.09,7.45,5.32,0,7.45,3.19,5.32,3.19,2.13,1.06,0,0,15.96,0,0,6.38,0,15.96,7.45,1.06,1.06,2.13,1.06,4.26,4.26,1.06,1.06,2.13,0,0,0,0,0,5.32,2.13,2.13,0,0,1.06,14.89,2.13,0,14.89,0,7.45,7.45,0,0,0,0,0,0,0,0,0,0,0,0,12.77,0,8.51,0,0,0,0,2.13,0,2.13,0,0,0
trial_truth_009.txt,1,77,8.4,99,97.17,25.77,19.25,11.69,90.91,61.04,24.68,14.29,2.6,0,11.69,0,0,10.39,5.19,7.79,9.09,5.19,14.29,0,16.88,2.6,1.3,0,2.6,1.3,0,0,0,0,0,0,22.08,0,0,0,0,15.58,6.49,0,1.3,7.79,0,5.19,2.6,1.3,1.3,0,0,0,0,0,0,6.49,3.9,0,1.3,1.3,0,1.3,16.88,0,19.48,1.3,14.29,5.19,0,0,0,0,0,0,0,0,0,0,0,0,15.58,5.19,7.79,0,0,0,0,0,0,2.6,0,0,0
trial_truth_010.txt,1,78,14.28,18.47,92.13,73.64,9.75,17.95,93.59,62.82,17.95,12.82,10.26,0,0,2.56,0,5.13,3.85,12.82,8.97,11.54,12.82,1.28,15.38,3.85,3.85,0,1.28,2.56,5.13,3.85,1.28,1.28,0,0,3.85,0,1.28,0,2.56,8.97,2.56,1.28,0,3.85,0,1.28,1.28,0,1.28,0,0,0,0,0,0,3.85,0,2.56,1.28,1.28,0,12.82,0,2.56,17.95,5.13,8.97,3.85,3.85,0,0,3.85,0,0,2.56,0,0,1.28,1.28,0,15.38,10.26,5.13,0,0,0,0,0,0,0,0,0,0
trial_truth_011.txt,1,84,74.1,97.14,13.15,99,84,19.05,96.43,53.57,19.05,13.1,4.76,4.76,0,3.57,0,5.95,11.9,11.9,5.95,5.95,4.76,0,19.05,9.52,3.57,2.38,1.19,3.57,5.95,5.95,0,0,0,0,19.05,0,1.19,5.95,0,14.29,4.76,2.38,1.19,4.76,1.19,0,2.38,0,2.38,0,0,0,0,0,0,15.48,8.33,2.38,3.57,3.57,0,8.33,4.76,0,9.52,1.19,4.76,2.38,4.76,1.19,0,2.38,0,0,0,0,0,0,0,0,16.67,0,15.48,0,0,0,0,0,0,1.19,0,0,0
trial_truth_012.txt,1,69,1.73,98.44,54.89,25.77,17.25,14.49,94.2,65.22,26.09,18.84,5.8,5.8,4.35,2.9,0,7.25,2.9,5.8,11.59,11.59,8.7,1.45,21.74,0,0,2.9,1.45,2.9,0,0,0,0,0,0,23.19,0,1.45,1.45,1.45,15.94,2.9,1.45,2.9,7.25,0,4.35,1.45,1.45,0,0,0,0,0,0,0,8.7,8.7,0,0,0,0,4.35,14.49,0,14.49,0,8.7,7.25,2.9,0,0,0,0,0,0,0,0,0,0,0,15.94,4.35,5.8,0,0,0,0,0,1.45,4.35,0,0,0
trial_truth_013.txt,1,54,1,1,99,25.77,7.71,3.7,98.15,61.11,22.22,11.11,11.11,0,0,0,0,11.11,1.85,7.41,16.67,7.41,9.26,7.41,25.93,0,1.85,1.85,3.7,1.85,0,0,0,0,0,0,1.85,0,0,0,0,27.78,9.26,1.85,1.85,7.41,0,14.81,1.85,0,0,1.85,0,0,0,0,0,5.56,1.85,1.85,1.85,0,0,22.22,9.26,0,18.52,0,7.41,11.11,0,0,0,0,0,0,3.7,0,0,3.7,0,0,29.63,20.37,0,0,0,0,0,0,0,9.26,0,0,0
trial_truth_014.txt,1,28,3.47,92.33,30.01,25.77,9.33,14.29,96.43,71.43,32.14,14.29,7.14,0,0,3.57,3.57,17.86,0,14.29,17.86,7.14,3.57,0,32.14,3.57,0,10.71,0,0,0,0,0,0,0,0,25,0,0,3.57,3.57,14.29,3.57,0,0,7.14,0,3.57,0,0,0,0,0,0,0,0,0,7.14,7.14,0,0,0,0,14.29,10.71,3.57,7.14,0,3.57,3.57,0,0,0,0,0,0,0,0,0,0,0,0,17.86,17.86,0,0,0,0,0,0,0,0,0,0,0
trial_truth_015.txt,1,78,1,98.46,55.26,73.64,9.75,8.97,96.15,66.67,38.46,28.21,10.26,0,8.97,8.97,0,10.26,1.28,6.41,10.26,11.54,1.28,5.13,32.05,2.56,0,1.28,0,0,5.13,3.85,1.28,0,0,0,29.49,0,0,0,8.97,21.79,16.67,0,1.28,0,2.56,1.28,0,0,0,0,0,0,0,0,0,5.13,3.85,0,0,1.28,0,11.54,17.95,0,3.85,0,2.56,1.28,0,0,0,0,0,0,2.56,0,0,1.28,2.56,0,39.74,17.95,17.95,0,0,0,0,0,0,3.85,0,0,0
trial_truth_016.txt,1,25,52.71,99,1.59,91.14,12.5,16,88,52,20,8,0,4,0,4,0,12,8,8,8,0,4,4,12,8,4,8,4,0,4,4,0,0,0,0,32,0,12,0,8,4,0,0,0,0,0,4,4,0,4,0,0,0,0,0,0,16,12,4,4,4,0,8,4,0,8,0,4,4,0,0,0,0,0,4,0,0,0,0,0,0,16,16,0,0,0,0,0,0,0,0,0,0,0
trial_truth_017.txt,1,19,6.56,1.81,99,25.77,9.5,15.79,94.74,73.68,26.32,15.79,15.79,0,0,0,0,10.53,0,15.79,15.79,0,10.53,5.26,31.58,0,0,0,0,0,0,0,0,0,0,0,0,0,0,0,0,15.79,5.26,5.26,0,0,5.26,0,0,0,0,0,0,0,0,0,0,0,0,0,0,0,0,5.26,21.05,5.26,15.79,15.79,5.26,5.26,0,0,0,0,0,0,5.26,0,5.26,0,0,0,21.05,21.05,0,0,0,0,0,0,0,0,0,0,0
trial_truth_018.txt,1,22,1.92,1,99,1,11,13.64,100,68.18,27.27,18.18,18.18,0,0,0,0,9.09,4.55,13.64,4.55,9.09,22.73,4.55,13.64,9.09,9.09,4.55,0,4.55,9.09,0,9.09,0,9.09,0,0,0,0,0,0,31.82,18.18,0,4.55,4.55,4.55,4.55,0,0,0,0,4.55,0,0,4.55,0,0,0,0,0,0,0,9.09,0,0,0,0,0,0,0,0,0,0,0,4.55,0,0,0,0,0,0,13.64,9.09,4.55,0,0,0,0,0,0,0,0,0,0
trial_truth_019.txt,1,28,99,50,74.76,1,14,28.57,67.86,42.86,3.57,3.57,3.57,0,0,0,0,0,14.29,17.86,3.57,0,3.57,0,3.57,3.57,3.57,0,3.57,0,3.57,0,3.57,0,3.57,0,3.57,0,0,0,0,7.14,7.14,0,0,0,0,0,0,0,0,0,3.57,0,3.57,0,0,3.57,0,0,3.57,0,0,3.57,0,0,14.29,0,7.14,7.14,0,0,0,0,3.57,3.57,0,0,0,0,0,0,25,14.29,3.57,0,0,0,0,0,0,7.14,0,0,0
trial_truth_020.txt,1,27,12.53,93.07,33.94,99,13.5,3.7,100,62.96,22.22,7.41,0,0,7.41,0,0,14.81,11.11,11.11,11.11,7.41,14.81,3.7,18.52,3.7,7.41,3.7,0,11.11,11.11,11.11,0,0,0,0,11.11,0,0,0,0,7.41,0,0,0,7.41,0,0,0,0,0,0,0,0,0,0,0,3.7,0,0,0,3.7,0,3.7,14.81,3.7,18.52,3.7,3.7,14.81,0,0,0,0,0,0,3.7,0,3.7,0,3.7,0,29.63,14.81,3.7,0,0,0,0,0,0,11.11,0,0,0
trial_truth_021.txt,1,22,1,1,85.21,25.77,11,18.18,100,77.27,40.91,18.18,18.18,0,0,0,0,22.73,4.55,9.09,31.82,0,9.09,9.09,36.36,4.55,0,0,0,0,0,0,0,0,0,0,0,0,0,0,0,18.18,4.55,4.55,0,4.55,0,4.55,4.55,0,0,4.55,9.09,0,0,4.55,4.55,4.55,0,0,4.55,0,0,13.64,22.73,0,0,0,0,0,0,0,0,0,0,0,0,0,0,0,0,0,63.64,18.18,18.18,0,0,0,0,0,0,27.27,0,0,0
trial_truth_022.txt,1,65,79.86,22.08,80.47,7.8,8.12,15.38,73.85,43.08,10.77,9.23,9.23,0,0,0,0,1.54,0,16.92,7.69,0,7.69,0,12.31,1.54,1.54,0,13.85,1.54,1.54,0,1.54,0,1.54,0,1.54,0,0,0,0,1.54,0,0,0,0,1.54,0,0,0,0,0,3.08,0,0,3.08,0,0,0,0,0,0,0,10.77,1.54,0,16.92,1.54,7.69,7.69,0,0,0,1.54,0,0,4.62,0,0,0,4.62,0,26.15,21.54,4.62,0,0,0,0,0,0,0,0,0,0
trial_truth_023.txt,1,58,87.02,30.24,95.26,58.39,29,20.69,84.48,48.28,13.79,6.9,6.9,0,0,0,0,6.9,8.62,13.79,8.62,0,3.45,1.72,12.07,1.72,1.72,1.72,5.17,0,1.72,1.72,0,0,0,0,3.45,0,0,0,0,6.9,5.17,0,0,0,3.45,0,0,0,0,0,0,0,0,0,0,3.45,1.72,1.72,1.72,0,0,8.62,1.72,0,18.97,1.72,5.17,12.07,5.17,0,0,0,0,0,0,0,0,0,0,0,12.07,3.45,6.9,0,0,0,0,0,0,1.72,0,0,0
trial_truth_024.txt,1,64,51.82,17.42,55.79,1,21.33,17.19,84.38,57.81,23.44,15.62,10.94,0,1.56,3.12,0,7.81,4.69,15.62,7.81,0,4.69,4.69,17.19,1.56,0,1.56,1.56,0,6.25,0,6.25,0,0,4.69,10.94,0,0,1.56,3.12,14.06,3.12,1.56,0,1.56,1.56,6.25,6.25,3.12,1.56,1.56,0,0,0,0,0,3.12,0,1.56,3.12,0,1.56,10.94,9.38,0,4.69,0,3.12,1.56,1.56,0,0,0,0,0,0,0,0,0,0,0,17.19,4.69,6.25,0,0,0,0,0,0,6.25,0,0,0
trial_truth_025.txt,1,76,9.3,14.62,74.76,50.32,19,10.53,97.37,67.11,27.63,13.16,9.21,2.63,1.32,0,0,14.47,1.32,15.79,11.84,1.32,9.21,6.58,31.58,1.32,2.63,1.32,0,0,6.58,3.95,2.63,0,1.32,1.32,9.21,1.32,0,0,0,21.05,1.32,3.95,5.26,5.26,2.63,6.58,0,0,0,0,0,0,0,0,0,6.58,3.95,1.32,1.32,1.32,1.32,2.63,23.68,5.26,13.16,7.89,5.26,1.32,0,1.32,1.32,0,1.32,0,5.26,1.32,3.95,0,0,0,18.42,7.89,5.26,0,0,0,0,0,0,5.26,0,0,0
trial_truth_026.txt,1,116,2.59,8.4,91.69,74,9.67,5.17,94.83,63.79,31.03,19.83,16.38,0,0.86,2.59,0,11.21,2.59,10.34,17.24,6.9,2.59,3.45,30.17,0,0.86,6.9,0.86,2.59,2.59,2.59,0,0,0,0,7.76,1.72,0,0,4.31,9.48,2.59,0.86,0.86,0.86,1.72,2.59,3.45,2.59,0.86,0,1.72,0,0.86,0,0.86,6.9,0,0.86,4.31,1.72,0,5.17,21.55,3.45,11.21,1.72,4.31,6.03,1.72,0,0,0,0,0,1.72,0,0,0.86,0.86,0,28.45,11.21,5.17,0.86,0,2.59,0,0,0,8.62,0,0,0
trial_truth_027.txt,1,53,25.45,9.34,93.7,99,5.3,20.75,94.34,58.49,26.42,18.87,18.87,0,0,0,0,7.55,5.66,9.43,11.32,5.66,1.89,0,18.87,11.32,1.89,3.77,1.89,0,9.43,9.43,0,0,0,0,5.66,5.66,0,1.89,0,9.43,1.89,0,0,0,7.55,0,0,0,0,0,0,0,0,0,0,11.32,3.77,1.89,0,5.66,0,16.98,5.66,0,9.43,3.77,0,5.66,1.89,9.43,3.77,0,0,0,0,0,0,0,0,0,22.64,18.87,3.77,0,0,0,0,0,0,0,0,0,0
trial_truth_028.txt,1,52,6.37,35.01,63.54,62.24,10.4,7.69,90.38,67.31,26.92,15.38,11.54,0,1.92,1.92,0,11.54,3.85,13.46,15.38,7.69,7.69,1.92,26.92,0,0,1.92,1.92,0,1.92,1.92,0,0,0,0,9.62,0,0,1.92,0,7.69,1.92,1.92,1.92,0,0,1.92,0,0,0,0,0,0,0,0,0,3.85,0,1.92,0,1.92,0,7.69,13.46,3.85,11.54,0,3.85,9.62,0,0,0,0,0,0,1.92,0,1.92,0,1.92,0,28.85,17.31,7.69,0,0,0,0,0,0,3.85,0,0,0
trial_truth_029.txt,1,45,65.01,58.78,71.7,25.77,11.25,17.78,88.89,57.78,13.33,11.11,6.67,0,0,0,4.44,2.22,8.89,13.33,13.33,2.22,8.89,0,20,0,0,0,0,0,4.44,2.22,2.22,0,0,0,8.89,0,0,0,0,2.22,0,0,0,2.22,0,0,8.89,2.22,6.67,0,6.67,4.44,0,0,2.22,4.44,0,0,2.22,2.22,0,13.33,2.22,2.22,17.78,2.22,13.33,4.44,0,0,4.44,0,0,0,4.44,0,0,2.22,2.22,0,11.11,8.89,0,0,0,0,0,0,0,2.22,0,0,0
trial_truth_030.txt,1,154,71.53,67.52,24.62,37.25,30.8,23.38,90.26,54.55,16.23,10.39,5.19,2.6,0.65,1.95,0,5.84,9.09,14.29,7.14,5.84,6.49,0.65,13.64,3.25,3.25,3.25,0.65,3.9,0.65,0.65,0,0,0,0,8.44,0,0,0,1.95,10.39,1.3,1.95,0.65,1.95,3.25,1.3,0,0,0,0,0,0,0,0,0,9.09,3.9,0,3.9,1.3,0,5.84,8.44,0,11.69,0,7.14,4.55,4.55,1.3,1.95,2.6,0,0,9.09,0,0,0,9.09,0,27.27,3.25,20.78,0,0,0,0,0,0,3.25,0,0,0
trial_truth_031.txt,1,55,13.54,35.79,66.98,5.95,13.75,10.91,94.55,69.09,21.82,18.18,10.91,1.82,0,1.82,3.64,3.64,7.27,10.91,12.73,5.45,10.91,3.64,18.18,0,1.82,0,5.45,0,1.82,0,1.82,0,0,1.82,10.91,0,0,0,3.64,5.45,0,0,0,5.45,0,1.82,3.64,1.82,1.82,0,3.64,3.64,1.82,0,0,3.64,1.82,1.82,0,0,0,10.91,5.45,0,12.73,5.45,5.45,3.64,5.45,0,0,0,0,0,3.64,0,0,1.82,1.82,0,38.18,9.09,5.45,0,0,0,3.64,5.45,3.64,3.64,7.27,0,0
trial_truth_032.txt,1,87,21.11,63.49,47.93,46.99,17.4,14.94,89.66,62.07,24.14,16.09,8.05,1.15,0,6.9,0,8.05,4.6,12.64,10.34,6.9,8.05,0,16.09,2.3,2.3,1.15,2.3,1.15,1.15,1.15,0,0,0,0,11.49,0,0,6.9,0,4.6,1.15,1.15,1.15,0,0,1.15,2.3,1.15,0,0,3.45,2.3,0,0,1.15,3.45,1.15,0,2.3,0,0,12.64,1.15,1.15,18.39,2.3,8.05,8.05,0,0,1.15,0,0,0,6.9,0,0,3.45,6.9,0,17.24,5.75,10.34,0,0,0,0,0,0,1.15,0,0,0
trial_truth_033.txt,1,45,95.1,81.29,71.7,3.92,15,8.89,91.11,51.11,8.89,6.67,2.22,2.22,0,0,2.22,2.22,8.89,17.78,2.22,6.67,6.67,0,15.56,0,2.22,2.22,4.44,0,2.22,0,2.22,0,2.22,0,11.11,2.22,0,0,4.44,0,0,0,0,0,0,0,4.44,4.44,0,0,6.67,4.44,0,2.22,0,8.89,4.44,0,0,4.44,0,6.67,6.67,0,22.22,2.22,20,2.22,0,2.22,4.44,0,0,0,4.44,2.22,0,2.22,0,0,8.89,6.67,0,0,0,0,0,0,0,2.22,0,0,0
trial_truth_034.txt,1,97,48,97.45,78.69,25.77,19.4,10.31,95.88,63.92,15.46,12.37,0,5.15,0,2.06,5.15,3.09,7.22,16.49,7.22,8.25,10.31,4.12,21.65,0,0,1.03,2.06,1.03,2.06,1.03,1.03,0,0,0,20.62,0,0,0,2.06,5.15,1.03,0,0,1.03,1.03,2.06,4.12,2.06,2.06,0,3.09,1.03,1.03,0,0,9.28,6.19,0,2.06,1.03,0,8.25,11.34,1.03,24.74,1.03,16.49,8.25,0,0,4.12,0,0,0,0,0,0,0,0,0,13.4,4.12,1.03,0,0,0,0,1.03,4.12,3.09,0,0,0
trial_truth_035.txt,1,54,56.91,50,33.94,60.88,54,16.67,85.19,59.26,12.96,5.56,3.7,0,0,0,1.85,7.41,16.67,5.56,9.26,5.56,11.11,1.85,16.67,1.85,1.85,3.7,1.85,0,1.85,1.85,0,0,0,0,7.41,0,0,0,1.85,3.7,1.85,0,0,0,0,1.85,3.7,1.85,1.85,0,5.56,5.56,0,0,0,5.56,1.85,1.85,1.85,3.7,0,9.26,5.56,0,11.11,1.85,7.41,3.7,0,1.85,0,0,0,0,3.7,0,1.85,0,3.7,0,9.26,0,0,0,0,0,0,0,3.7,1.85,0,3.7,0
trial_truth_036.txt,1,109,25.26,91.55,82.49,42.41,54.5,13.76,99.08,64.22,19.27,11.93,1.83,1.83,0.92,0,7.34,7.34,6.42,11.93,7.34,6.42,13.76,1.83,21.1,2.75,4.59,4.59,3.67,1.83,0.92,0.92,0,0,0,0,18.35,0,0,1.83,0,9.17,1.83,0.92,0,5.5,0,3.67,2.75,1.83,0.92,0,0,0,0,0,0,3.67,1.83,0.92,0,0.92,0,8.26,4.59,5.5,19.27,1.83,5.5,11.93,0,0,2.75,0,0,0,1.83,0,0,0,1.83,0,2.75,1.83,0,0,0,0,0,0,0,0.92,0,0,0
trial_truth_037.txt,1,50,94.94,78.82,87.83,25.77,16.67,14,90,52,10,8,2,4,2,0,0,2,14,14,6,4,6,0,16,2,2,2,2,2,0,0,0,0,0,0,6,0,0,0,0,2,0,0,0,0,0,2,2,2,0,0,2,0,2,0,0,8,4,0,0,4,0,10,4,0,24,4,18,2,2,0,10,2,0,0,8,0,0,0,8,0,26,14,10,0,0,0,0,0,0,2,0,0,0
trial_truth_038.txt,1,36,93.26,79.76,87.07,25.77,18,11.11,94.44,50,13.89,11.11,2.78,2.78,0,0,5.56,2.78,5.56,19.44,2.78,2.78,5.56,0,16.67,2.78,0,0,2.78,5.56,0,0,0,0,0,0,11.11,0,0,0,0,5.56,2.78,0,0,0,2.78,0,0,0,0,0,2.78,2.78,0,0,0,5.56,2.78,0,0,2.78,0,2.78,5.56,2.78,22.22,5.56,13.89,2.78,0,0,2.78,0,0,0,11.11,2.78,0,0,8.33,0,22.22,2.78,16.67,2.78,0,0,0,0,0,0,0,0,0
trial_truth_039.txt,1,60,66.46,96.63,1,25.77,12,11.67,73.33,45,13.33,11.67,0,0,0,11.67,0,1.67,1.67,15,5,5,6.67,1.67,16.67,0,0,3.33,0,0,0,0,0,0,0,0,21.67,3.33,0,0,11.67,8.33,1.67,5,0,0,0,1.67,0,0,0,0,0,0,0,0,0,8.33,3.33,0,3.33,1.67,0,11.67,5,0,10,1.67,6.67,1.67,10,0,1.67,0,0,0,0,0,0,0,0,0,18.33,8.33,3.33,0,0,0,0,0,0,6.67,0,0,0
trial_truth_040.txt,1,36,46.37,28.91,99,77,12,13.89,86.11,55.56,22.22,16.67,13.89,0,0,2.78,0,5.56,8.33,11.11,2.78,5.56,11.11,0,22.22,2.78,2.78,2.78,0,0,2.78,2.78,0,0,0,0,8.33,0,0,0,2.78,5.56,5.56,0,0,0,0,0,5.56,0,5.56,0,0,0,0,0,0,8.33,0,0,5.56,2.78,0,13.89,5.56,0,22.22,5.56,11.11,5.56,0,0,0,0,0,0,11.11,0,0,0,11.11,0,47.22,41.67,2.78,0,0,0,0,0,0,2.78,0,0,0
trial_truth_041.txt,1,99,49.25,13.32,88.75,44.24,16.5,16.16,82.83,47.47,19.19,14.14,13.13,1.01,0,0,0,5.05,4.04,11.11,6.06,4.04,7.07,0,15.15,3.03,0,2.02,0,0,3.03,2.02,1.01,0,1.01,0,1.01,0,0,0,0,6.06,1.01,3.03,0,0,2.02,0,4.04,2.02,0,2.02,5.05,5.05,0,0,0,4.04,1.01,0,0,2.02,1.01,10.1,1.01,0,14.14,5.05,5.05,4.04,3.03,1.01,0,0,0,0,8.08,0,0,0,8.08,0,25.25,6.06,19.19,0,0,0,0,0,0,0,0,0,0
trial_truth_042.txt,1,73,28.82,29.17,96,25.77,18.25,12.33,94.52,68.49,23.29,19.18,12.33,0,0,5.48,1.37,4.11,5.48,17.81,13.7,6.85,8.22,0,23.29,1.37,1.37,2.74,1.37,1.37,0,0,0,0,0,0,6.85,0,0,0,5.48,6.85,2.74,0,0,4.11,1.37,0,5.48,5.48,0,0,2.74,2.74,0,0,0,2.74,0,0,2.74,0,0,5.48,16.44,2.74,21.92,5.48,15.07,2.74,0,0,0,0,0,0,0,0,0,0,0,0,13.7,5.48,4.11,0,0,0,0,0,0,4.11,0,0,0
trial_truth_043.txt,1,62,78.98,56.41,99,25.77,31,30.65,82.26,50,8.06,1.61,1.61,0,0,0,0,6.45,6.45,14.52,8.06,9.68,4.84,0,14.52,4.84,0,1.61,1.61,1.61,0,0,0,0,0,0,4.84,0,0,0,0,1.61,0,0,0,0,0,1.61,0,0,0,0,0,0,0,0,0,16.13,0,0,16.13,0,0,16.13,1.61,1.61,33.87,6.45,19.35,8.06,0,0,0,0,0,0,1.61,0,0,0,1.61,0,14.52,3.23,9.68,0,0,0,0,1.61,0,0,0,0,0
trial_truth_044.txt,1,61,35.29,37.15,92.18,25.77,15.25,18.03,98.36,60.66,21.31,16.39,9.84,0,0,3.28,3.28,4.92,8.2,13.11,6.56,8.2,9.84,1.64,19.67,1.64,1.64,1.64,1.64,1.64,0,0,0,0,0,0,11.48,0,0,4.92,0,14.75,4.92,3.28,1.64,0,1.64,3.28,1.64,1.64,0,0,3.28,0,1.64,0,1.64,6.56,1.64,0,4.92,0,0,11.48,3.28,1.64,16.39,4.92,6.56,4.92,3.28,0,1.64,0,0,0,6.56,0,0,0,6.56,0,18.03,6.56,8.2,0,0,0,0,0,0,3.28,0,0,0
trial_truth_045.txt,1,74,88.61,60.66,36.43,51.03,12.33,12.16,82.43,50,6.76,6.76,5.41,0,0,0,1.35,0,5.41,17.57,8.11,1.35,9.46,1.35,10.81,0,1.35,0,1.35,2.7,1.35,1.35,0,0,0,0,10.81,1.35,1.35,1.35,0,5.41,1.35,1.35,0,1.35,0,1.35,0,0,0,0,0,0,0,0,0,5.41,4.05,0,1.35,0,0,8.11,2.7,1.35,10.81,0,8.11,2.7,5.41,4.05,0,0,0,0,6.76,0,0,2.7,6.76,0,18.92,8.11,10.81,0,0,0,0,0,0,0,0,0,0
trial_truth_046.txt,1,102,39.95,72.17,47.25,43.65,20.4,14.71,98.04,58.82,17.65,11.76,3.92,0.98,0,0,6.86,5.88,4.9,14.71,9.8,4.9,9.8,1.96,22.55,3.92,3.92,2.94,1.96,4.9,0.98,0.98,0,0,0,0,13.73,0,0.98,0.98,0.98,13.73,1.96,2.94,0,4.9,0.98,2.94,6.86,3.92,1.96,0,0.98,0,0,0,0.98,5.88,0.98,0.98,0.98,1.96,0.98,14.71,1.96,0,11.76,0.98,8.82,1.96,0,0.98,0,0,0,0,7.84,0,0,0,7.84,0,26.47,6.86,16.67,0,0,0.98,0,0,0,0,1.96,0,0
trial_truth_047.txt,1,97,13.98,89.18,40.7,25.77,48.5,11.34,96.91,65.98,21.65,16.49,6.19,0,4.12,6.19,0,5.15,5.15,12.37,11.34,9.28,9.28,2.06,27.84,1.03,1.03,1.03,0,0,3.09,1.03,1.03,0,1.03,0,18.56,1.03,0,0,7.22,10.31,0,3.09,1.03,3.09,1.03,2.06,3.09,0,3.09,0,2.06,0,1.03,0,1.03,1.03,0,0,1.03,0,0,9.28,11.34,5.15,18.56,11.34,7.22,2.06,0,1.03,0,0,0,1.03,3.09,0,0,2.06,0,1.03,36.08,2.06,12.37,0,0,1.03,0,0,10.31,0,0,10.31,0
trial_truth_048.txt,1,57,77.17,5.73,99,25.77,9.5,19.3,87.72,45.61,15.79,10.53,10.53,0,0,0,0,5.26,7.02,12.28,5.26,1.75,5.26,1.75,19.3,1.75,0,3.51,0,7.02,3.51,1.75,1.75,0,0,0,0,0,0,0,0,21.05,5.26,0,0,7.02,5.26,3.51,5.26,5.26,0,0,0,0,0,0,0,5.26,0,0,5.26,0,0,15.79,1.75,1.75,22.81,3.51,12.28,7.02,0,0,0,0,0,0,5.26,0,3.51,0,5.26,0,17.54,12.28,3.51,0,0,0,0,0,0,1.75,0,0,0
trial_truth_049.txt,1,61,39.73,94.94,1,99,12.2,9.84,90.16,57.38,16.39,9.84,0,0,0,9.84,0,6.56,4.92,11.48,8.2,8.2,8.2,0,16.39,4.92,0,0,0,0,8.2,8.2,0,0,0,0,16.39,4.92,0,13.11,1.64,8.2,3.28,0,1.64,0,3.28,0,4.92,1.64,0,3.28,1.64,0,1.64,0,0,9.84,0,3.28,1.64,1.64,3.28,9.84,4.92,0,11.48,1.64,6.56,3.28,0,0,0,1.64,0,0,4.92,0,1.64,0,3.28,0,13.11,8.2,3.28,0,0,0,0,0,0,1.64,0,0,0
trial_truth_050.txt,1,66,87.93,85.56,93.94,7.96,13.2,16.67,87.88,50,10.61,7.58,0,6.06,1.52,0,0,3.03,4.55,19.7,1.52,3.03,13.64,0,10.61,4.55,3.03,0,1.52,4.55,1.52,0,1.52,0,0,1.52,7.58,0,0,0,0,10.61,3.03,0,0,6.06,0,4.55,3.03,3.03,0,0,1.52,1.52,0,0,0,9.09,6.06,0,3.03,0,0,4.55,3.03,0,22.73,4.55,9.09,9.09,0,0,0,0,0,0,7.58,0,0,0,7.58,0,24.24,7.58,16.67,0,0,0,0,0,0,0,0,0,0
trial_truth_051.txt,1,68,17.88,32.96,74.76,1.76,11.33,13.24,94.12,66.18,20.59,13.24,8.82,0,0,4.41,0,7.35,4.41,13.24,7.35,4.41,17.65,1.47,23.53,1.47,0,0,0,2.94,2.94,0,2.94,1.47,0,0,5.88,0,0,0,4.41,13.24,5.88,2.94,0,4.41,0,0,4.41,1.47,1.47,1.47,2.94,1.47,1.47,0,0,5.88,0,0,4.41,1.47,0,17.65,2.94,1.47,14.71,2.94,7.35,5.88,0,0,0,0,0,0,0,0,0,0,0,0,14.71,13.24,0,0,0,0,0,0,0,1.47,0,0,0
trial_truth_052.txt,1,64,82.6,86.3,35.37,25.77,16,20.31,81.25,57.81,12.5,9.38,0,6.25,0,0,3.12,3.12,10.94,14.06,12.5,3.12,4.69,0,20.31,0,0,4.69,3.12,1.56,0,0,0,0,0,0,10.94,0,0,0,0,17.19,4.69,3.12,3.12,3.12,1.56,6.25,0,0,0,0,0,0,0,0,0,12.5,6.25,3.12,0,3.12,0,6.25,12.5,1.56,10.94,0,6.25,4.69,0,0,0,0,0,0,0,0,0,0,0,0,15.62,12.5,3.12,0,0,0,0,0,0,0,0,0,0
trial_truth_053.txt,1,86,9.23,82.39,2.6,98.75,17.2,8.14,96.51,58.14,31.4,29.07,15.12,0,1.16,11.63,1.16,2.33,3.49,8.14,9.3,3.49,5.81,1.16,19.77,0,0,1.16,0,1.16,8.14,6.98,1.16,0,0,1.16,24.42,1.16,0,0,11.63,13.95,1.16,2.33,5.81,0,4.65,0,2.33,0,1.16,1.16,8.14,3.49,1.16,0,0,5.81,3.49,0,1.16,1.16,0,5.81,8.14,0,10.47,2.33,3.49,4.65,0,1.16,2.33,0,0,0,4.65,0,0,0,4.65,0,16.28,10.47,0,0,0,0,0,0,2.33,1.16,0,2.33,0
trial_truth_054.txt,1,56,3.47,57.1,30.01,59.59,14,12.5,96.43,67.86,28.57,8.93,5.36,1.79,0,0,1.79,19.64,0,14.29,14.29,10.71,5.36,1.79,21.43,0,0,1.79,1.79,1.79,1.79,1.79,0,0,0,0,10.71,0,0,0,0,16.07,1.79,0,3.57,7.14,0,3.57,0,0,0,0,0,0,0,0,0,3.57,1.79,0,0,1.79,0,3.57,14.29,3.57,10.71,1.79,5.36,3.57,1.79,0,0,0,0,0,5.36,0,0,0,5.36,0,17.86,7.14,3.57,0,0,0,0,3.57,0,3.57,0,0,0
trial_truth_055.txt,1,62,3.28,12.94,39.18,25.77,15.5,11.29,93.55,69.35,27.42,12.9,9.68,1.61,1.61,0,0,14.52,4.84,11.29,11.29,11.29,4.84,8.06,16.13,3.23,4.84,3.23,0,1.61,3.23,1.61,1.61,0,0,0,6.45,3.23,0,1.61,0,12.9,1.61,0,1.61,4.84,1.61,3.23,3.23,1.61,0,1.61,3.23,0,3.23,0,1.61,4.84,3.23,1.61,1.61,0,0,3.23,11.29,0,6.45,0,4.84,1.61,0,4.84,1.61,0,0,0,3.23,0,0,0,3.23,0,22.58,6.45,11.29,0,0,0,0,0,0,4.84,0,0,0
trial_truth_056.txt,1,78,24.14,50,99,25.77,8.67,17.95,97.44,64.1,25.64,11.54,8.97,1.28,0,0,1.28,14.1,2.56,17.95,7.69,8.97,6.41,2.56,21.79,1.28,1.28,1.28,1.28,0,0,0,0,0,0,0,11.54,0,0,0,0,12.82,7.69,0,0,2.56,1.28,1.28,2.56,1.28,1.28,0,0,0,0,0,0,6.41,5.13,0,1.28,0,0,10.26,7.69,1.28,17.95,1.28,8.97,7.69,0,3.85,0,1.28,0,0,6.41,0,2.56,0,3.85,0,32.05,24.36,5.13,0,0,0,0,0,0,2.56,0,0,0
trial_truth_057.txt,1,87,47.46,32.29,99,25.77,10.88,10.34,88.51,49.43,18.39,17.24,14.94,1.15,0,0,1.15,1.15,2.3,13.79,8.05,4.6,6.9,0,13.79,8.05,4.6,0,5.75,4.6,0,0,0,0,0,0,10.34,8.05,0,4.6,2.3,4.6,0,0,0,2.3,1.15,1.15,1.15,1.15,0,0,3.45,0,3.45,0,0,5.75,4.6,0,1.15,0,0,11.49,2.3,0,22.99,2.3,9.2,12.64,1.15,0,0,0,0,0,3.45,0,0,0,3.45,0,12.64,9.2,3.45,0,0,0,0,0,0,0,0,0,0
trial_truth_058.txt,1,57,2.97,14.62,99,25.77,28.5,8.77,100,63.16,19.3,19.3,14.04,0,0,5.26,0,0,3.51,8.77,10.53,12.28,17.54,0,15.79,7.02,5.26,5.26,1.75,1.75,0,0,0,0,0,0,7.02,1.75,0,3.51,3.51,7.02,0,0,0,1.75,1.75,3.51,0,0,0,0,1.75,0,1.75,0,0,3.51,0,0,3.51,0,0,12.28,3.51,1.75,26.32,1.75,8.77,15.79,3.51,0,0,1.75,0,0,7.02,0,0,0,7.02,0,7.02,3.51,3.51,0,0,0,0,0,0,0,0,0,0
trial_truth_059.txt,1,71,5.25,71.35,41.55,8.79,14.2,9.86,98.59,63.38,16.9,14.08,4.23,4.23,1.41,4.23,0,2.82,1.41,12.68,11.27,15.49,11.27,2.82,23.94,1.41,0,2.82,2.82,0,1.41,0,1.41,0,1.41,0,14.08,4.23,0,1.41,2.82,15.49,4.23,0,2.82,4.23,0,7.04,0,0,0,0,1.41,0,0,0,1.41,8.45,7.04,1.41,0,0,0,14.08,11.27,0,11.27,4.23,0,7.04,4.23,0,0,1.41,0,0,2.82,0,0,0,2.82,0,21.13,7.04,11.27,0,0,0,0,0,0,2.82,0,0,0
trial_truth_060.txt,1,46,20.26,99,68.63,4.13,15.33,13.04,97.83,58.7,23.91,19.57,4.35,15.22,0,0,0,4.35,2.17,10.87,8.7,2.17,10.87,0,19.57,2.17,2.17,0,4.35,0,2.17,0,2.17,2.17,0,0,21.74,0,0,0,0,6.52,0,0,2.17,2.17,0,2.17,0,0,0,0,2.17,2.17,0,0,0,19.57,17.39,0,2.17,0,0,6.52,8.7,0,19.57,2.17,13.04,4.35,0,0,0,0,0,0,8.7,0,0,2.17,6.52,0,17.39,10.87,6.52,0,0,0,0,0,0,0,0,0,0
